time,OBS1,OBS2,OBS3,OBS5,OBS6,OBS7
1.000000000000,8.974674678260227,24.00212410554692,24.91798633602080,18.63018244271158,16.43318462378469,11.99751791850595
