time,OBS1,OBS2,OBS3,OBS5,OBS6,OBS7
1.000000000000,9.476691712889110,24.36615012018457,24.63398793307473,18.83506425197605,16.30268063648358,12.15971369259156
