time,OBS5,OBS7,OBS6,OBS2,OBS1,OBS3
1.000000000000,17.43087699579315,10.64855657670058,14.19613928794844,23.07046281905556,8.175280021077571,22.56097312945117
