time,OBS5,OBS7,OBS6,OBS2,OBS1,OBS3
1.000000000000,17.85564880787736,11.16114228256263,16.26254034411645,22.47918626246872,7.511309802698726,24.54782563549594
